name,address
Szpital Powiatowy Im. Michała Kajki W Mrągowie,"Wolności 12, 11-700 Mrągowo"
Samodzielny Publiczny Zespół Opieki Zdrowotnej,"Dąbrowskiego 16, 14-300 Morąg"
Zespół Opieki  Zdrowotnej W Lidzbarku Warmińskim,"Kard. Stefana Wyszyńskiego 37, 11-100 Lidzbark Warmiński"
Szpital Powiatowy W Kętrzynie,"M. C. Skłodowskiej 2, 11-400 Kętrzyn"
Samodzielny Publiczny Zakład Opieki Zdrowotnej,"Sloneczna 7, 19-500 Gołdap"
Samodzielny Publiczny Zakład Opieki Zdrowotnej  W Giżycku,"Warszawska 41, 11-500 Giżycko"
Powiatowy Szpital Im.władysława Biegańskiego W Iławie,"Gen.wł.andersa 3, 14-200 Iława"
Zespół Opieki Zdrowotnej W Szczytnie,"Skłodowskiej 12, 12-100 Szczytno"
Samodzielny Publiczny Zakład Opieki Zdrowotnej Szpital Powiatowy W Piszu,"Sienkiewicza 2, 12-200 Pisz"
Szpital Powiatowy Im. Alfreda Sokołowskiego W Złotowie,"Szpitalna 28, 77-400 Złotów"
Szpital Powiatowy W Wyrzysku Spółka Z O.o.,"22 Stycznia 41, 89-300 Wyrzysk"
Szpital W Puszczykowie Im. Prof. S.t. Dąbrowskiego Spółka Akcyjna,"Kraszewskiego 11, 62-041 Puszczykowo"
Zespół Opieki Zdrowotnej We Włoszczowie,"Żeromskiego 28, 29-100 Włoszczowa"
Ortopedyczno-Rehabilitacyjny Szpital Kliniczny Im. Wiktora Degi Uniwersytetu Medycznego Im.karola Marcinkowskiego,"28 Czerwca1956 R 135/147, 61-545 Poznań-Wilda"
"""szpital Powiatowy We Wrześni"" Spółka Z Ograniczoną Odpowiedzialnością","Słowackiego 2, 62-300 Września"
Samodzielny Publiczny Zakład Opieki Zdrowotnej W Wolsztynie,"Wschowska 3, 64-200 Wolsztyn"
Szpital Wojewódzki W Opolu - Samodzielny Publiczny Zakład Opieki Zdrowotnej,"Kośnego 53, 45-372 Opole"
Niepubliczny Zakład Opieki Zdrowotnej Im. Dr Aleksandra Majkowskiego,"Floriana Ceynowy 7, 83-300 Kartuzy"
Uniwersyteckie Centrum Medycyny Morskiej I Tropikalnej,"Powstania Styczniowego 9B, 81-519 Gdynia"
Samodzielny Publiczny Szpital Wojewódzki Im. Jana Bożego W Lublinie,"Mieczysława Biernackiego 9, 20-089 Lublin"
Okręgowy Szpital Kolejowy S.p.z.o.z. W Lublinie,"Kruczkowskiego 21, 20-468 Lublin"
Samodzielny Publiczny Szpital Kliniczny Nr 1 W Lublinie,"Staszica 16, 20-081 Lublin"
Zamojski Szpital Niepubliczny Spółka Z Ograniczoną Odpowiedzialnością,"Peowiaków 1, 22-400 Zamość"
Samodzielny Publiczny Zespół Opieki Zdrowotnej We Włodawie,"Al. Józefa Piłsudskiego 64, 22-200 Włodawa"
Centrum Onkologii Ziemi Lubelskiej Im. Św. Jana Z Dukli,"Dr. K. Jaczewskiego 7, 20-090 Lublin"
Samodzielny Publiczny Zespół Opieki Zdrowotnej W Tomaszowie Lubelskim,"Aleje Grunwaldzkie 1, 22-600 Tomaszów Lubelski"
Samodzielny Publiczny Szpital Kliniczny Nr 4  W Lublinie,"Dr. K. Jaczewskiego 8, 20-954 Lublin"
Samodzielny Publiczny Szpital Wojewódzki Im. Papieża Jana Pawła Ii W Zamościu,"Aleje Jana Pawła Ii 10, 22-400 Zamość"
107 Szpital Wojskowy Z Przychodnią Samodzielny Publiczny  Zakład Opieki Zdrowotnej  W Wałczu,"Kołobrzeska 44, 78-600 Wałcz"
Szpital W Szczecinku Spółka Z O.o.,"Kościuszki 38, 78-400 Szczecinek"
Zespół Opieki Zdrowotnej W Złotoryi,"Hoża 11, 59-500 Złotoryja"
Centrum Zdrowia Mazowsza Zachodniego Spółka Z Ograniczoną Odpowiedzialnością,"B. Limanowskiego 30/., 96-300 Żyrardów"
Samodzielny Publiczny Zakład Opieki Zdrowotnej Szpital Miejski Im.jana Garduły W Świnoujściu,"Mieszka I 7, 72-600 Świnoujście"
Wojewódzki Szpital Specjalistyczny We Wrocławiu,"Henryka Michała Kamieńskiego 73A, 51-124 Wrocław-Psie Pole"
Samodzielny Publiczny Zespół Zakładów Opieki Zdrowotnej W Żurominie,"Szpitalna 56, 09-300 Żuromin"
Samodzielny Publiczny Zespół Zakładów Opieki Zdrowotnej W Wyszkowie,"Komisji Edukacji Narodowej 1, 07-200 Wyszków"
Wielospecjalistyczny Szpital-Samodzielny Publiczny Zespół Opieki Zdrowotnej W Zgorzelcu,"Lubańska 11-12, 59-900 Zgorzelec"
Centrum Medyczne Medicover Wrocław,"Powstańców Śląskich 7A, 53-332 Wrocław-Krzyki"
Szpital Powiatowy W Wołominie - Samodzielny Zespół Publicznych Zakładów Opieki Zdrowotnej,"Gdyńska 1/3, 05-200 Wołomin"
Samodzielny Publiczny Zakład Opieki Zdrowotnej W Węgrowie,"Kościuszki 15, 07-100 Węgrów"
Szpital Praski P.w. Przemienienia Pańskiego Samodzielny Publiczny Zakład Opieki Zdrowotnej,"Al.solidarności 67, 03-401 Warszawa-Praga Północ"
Wojewódzki Szpital Chirurgii Urazowej Św. Anny,"Barska 16/20, 02-315 Warszawa-Ochota"
Nowe Techniki Medyczne Ii  Szpital Specjalistyczny Im. Świętej Rodziny Sp. Z O.o.,"600, 36-060 Rudna Mała"
Nowe Techniki Medyczne Szpital Specjalistyczny Im. Św Rodziny Sp. Z O.o.,"600, 36-060 Rudna Mała"
Wojskowy Instytut Medyczny,"Szaserów 128, 04-141 Warszawa"
Samodzielny Publiczny Zespół Opieki Zdrowotnej W Ustrzykach Dolnych,"29 Listopada 57, 38-700 Ustrzyki Dolne"
Zespół Opieki Zdrowotnej W Strzyżowie,"Dąbrowskiego 10, 38-100 Strzyżów"
Samodzielny Publiczny Zespół Opieki Zdrowotnej W Sanoku,"800-Lecia 26, 38-500 Sanok"
Szpital Specjalistyczny Pro-Familia Spółka Z Ograniczoną Odpowiedzialnością Spółka Komandytowa,"Witolda 6B, 35-302 Rzeszów"
Samodzielny Publiczny Zespół Opieki Zdrowotnej Nr 1 W Rzeszowie,"Tadeusza Czackiego 2, 35-051 Rzeszów"
Wojewódzki Szpital Im. Zofii Z Zamoyskich Tarnowskiej W Tarnobrzegu,"Szpitalna 1, 39-400 Tarnobrzeg"
Samodzielny Publiczny Zespół Zakładów Opieki Zdrowotnej Powiatowy Szpital Specjalistyczny W Stalowej Woli,"Stanisława Staszica 4, 37-450 Stalowa Wola"
Rzeszowskie Centrum Medyczne Jakubiec-Blajer Ewa,"Żołnierzy Września 7, 35-306 Rzeszów"
Samodzielny Publiczny Zakład Opieki Zdrowotnej Ministerstwa Spraw Wewnętrznych I Administracji W Rzeszowie,"Krakowska 16, 35-111 Rzeszów"
Asklepios P,"Podwisłocze 22A, 35-309 Rzeszów"
Kliniczny Szpital Wojewódzki Nr 1 Im. Fryderyka Chopina W Rzeszowie,"Fryderyka Szopena 2, 35-055 Rzeszów"
Samodzielny Publiczny Zakład Opieki Zdrowotnej,"Szpitalna 16, 37-200 Przeworsk"
Zespół Opieki Zdrowotnej,"Księdza Kardynała Stefana Wyszyńskiego 54, 39-100 Ropczyce"
Szpital Miejski W Przemyślu,"Juliusza Słowackiego 85, 37-700 Przemyśl"
114 Szpital Wojskowy Z Przychodnią Samodzielny Publiczny Zakład Opieki Zdrowotnej W Przemyślu,"Słowackiego 85, 37-700 Przemyśl"
Szpital Powiatowy,"M.c.skłodowskiej 1A, 39-460 Nowa Dęba"
Samodzielny Publiczny Zespół Zakładów Opieki Zdrowotnej,"Tadeusza Kościuszki 1, 37-400 Nisko"
Szpital Powiatowy Im. Edmunda Biernackiego W Mielcu,"Żeromskiego 22, 39-300 Mielec"
"Centrum Medyczne ""medyk""","Fryderyka Szopena 1, 35-055 Rzeszów"
Kliniczny Szpital Wojewódzki Nr 2 Im. Św. Jadwigi Królowej W Rzeszowie,"Lwowska 60, 35-301 Rzeszów"
Wojewódzki Szpital Im. Św.ojca Pio W Przemyślu,"Monte Cassino 18, 37-700 Przemyśl"
Samodzielny Publiczny Zespół Opieki Zdrowotnej,"Grunwaldzka 4, 36-100 Kolbuszowa"
Szpital Specjalistyczny W Jaśle,"Lwowska 22, 38-200 Jasło"
Centrum Medyczne W Łańcucie,"Ignacego Paderewskiego 5, 37-100 Łańcut"
Samodzielny Publiczny Zakład Opieki Zdrowotnej W Lubaczowie,"Adama Mickiewicza 168, 37-600 Lubaczów"
Samodzielny Publiczny Zespół Opieki Zdrowotnej W Leżajsku,"Leśna 22, 37-300 Leżajsk"
Samodzielny Publiczny Zespół Opieki Zdrowotnej W Lesku,"Kazimierza Wielkiego 4, 38-600 Lesko"
Wojewódzki Szpital Podkarpacki Im. Jana Pawła Ii W Krośnie,"Korczyńska 57, 38-400 Krosno"
Centrum Opieki Medycznej,"3 Maja 70, 37-500 Jarosław"
"""warsaw Medical Center, Warszawskie Centrum Medyczne"" Spółka Z Ograniczoną Odpowiedzialnością","Wynalazek 4, 02-677 Warszawa"
Uniwersyteckie Centrum Zdrowia Kobiety I Noworodka Warszawskiego Uniwersytetu Medycznego Sp.z O.o,"Pl. Sokratesa Starynkiewicza 1/3, 02-015 Warszawa"
Szpital Specjalistyczny Im. Świętej Rodziny Samodzielny Publiczny Zakład Opieki Zdrowotnej,"Madalińskiego 25, 02-544 Warszawa"
Zespół Opieki Zdrowotnej W Dębicy,"Krakowska 91, 39-200 Dębica"
Wojskowy Instytut Medycyny Lotniczej,"Krasińskiego 54/56, 01-755 Warszawa"
Szpital Wolski Im. Dr Anny Gostyńskiej Samodzielny Publiczny Zakład Opieki Zdrowotnej,"Kasprzaka 17, 01-211 Warszawa"
Szpital Solec Spółka Z Ograniczoną Odpowiedzialnością,"Solec 93, 00-382 Warszawa"
Szpital Specjalistyczny W Brzozowie Podkarpacki Ośrodek Onkologiczny Im. Ks. B. Markiewicza,"Ks. Józefa Bielawskiego 18, 36-200 Brzozów"
Szpital Kliniczny Im. Ks. Anny Mazowieckiej,"Karowa 2, 00-315 Warszawa"
Samodzielny Publiczny Zakład Opieki Zdrowotnej Ministerstwa Spraw Wewnętrznych We Wrocławiu,"Ołbińska 32, 50-233 Wrocław"
Szpital Specjalistyczny Im A. Falkiewicza We Wrocławiu,"Warszawska 2, 52-114 Wrocław"
Nzoz Ośrodek Chirurgii Małoinwazyjnej I Endoskopowej S.c.,"Rajska 73, 54-028 Wrocław"
"Niepubliczny Zakład Opieki Zdrowotnej ""multi-Medica""","Zakrzowska 19 A, 51-318 Wrocław"
Wojewódzki Szpital Specjalistyczny Im.j.gromkowskiego,"Koszarowa 5, 51-149 Wrocław"
Uniwersytecki Szpital Kliniczny Im. Jana Mikulicza-Radeckiego We Wrocławiu,"Borowska 213, 50-556 Wrocław"
Samodzielny Publiczny Szpital Kliniczny Nr 1 We Wrocławiu,"Marii Curie-Skłodowskiej 58, 50-369 Wrocław"
4 Wojskowy Szpital Kliniczny Z Polikliniką Samodzielny Publiczny Zakład Opieki Zdrowotnej We Wrocławiu,"Rudolfa Weigla 5, 50-981 Wrocław"
Dolnośląskie Centrum Transplantacji Komórkowych Z Krajowym Bankiem Dawców Szpiku,"Grabiszyńska 105, 53-439 Wrocław"
Dolnośląskie Centrum Chorób Płuc We Wrocławiu,"Grabiszyńska 105, 53-439 Wrocław"
Dolnośląskie Centrum Onkologii We Wrocławiu,"Hirszfelda 12, 53-413 Wrocław"
Dolnośląski Szpital Specjalistyczny Im. T. Marciniaka - Centrum Medycyny Ratunkowej,"Gen. Augusta Emila Fieldorfa 2, 54-049 Wrocław"
Niepubliczny Zakład Opieki Zdrowotnej Powiatowe Centrum Medyczne W Wołowie,"Inwalidów Wojennych 26, 56-100 Wołów"
Specjalistyczny Szpital Ginekologiczno-Położniczy Im. E. Biernackiego W Wałbrzychu,"Ignacego Paderewskiego 10, 58-301 Wałbrzych"
Szpital Im. Św. Jadwigi Śląskiej W Trzebnicy,"Prusicka 53/55, 55-100 Trzebnica"
Polskie Centrum Zdrowia Środa Śląska Sp. Z O.o.,"Kolejowa 16A, 55-300 Środa Śląska"
Niepubliczny Zakład Opieki Zdrowotnej Strzelińskie Centrum Medyczne,"Wrocławska 46, 57-100 Strzelin"
Samodzielny Publiczny Zespół Opieki Zdrowotnej W Świdnicy,"Leśna 27-29, 58-100 Świdnica"
Specjalistyczny Szpital Im. Dra Alfreda Sokołowskiego,"Alfreda Sokołowskiego 4, 58-309 Wałbrzych"
Zespół Opieki Zdrowotnej W Oławie,"Krzysztofa Kamila Baczyńskiego 1, 55-200 Oława"
Powiatowy Zespół Szpitali,"Armii Krajowej 1, 56-400 Oleśnica"
Specjalistyczne Centrum Medyczne Spółka Akcyjna,"Jana Pawła Ii 2, 57-320 Polanica-Zdrój"
Pałuckie Centrum Zdrowia Spółka Z Ograniczoną Odpowiedzialnością,"Szpitalna 30, 88-400 Żnin"
Milickie Centrum Medyczne Sp. Z O.o.,"Grzybowa 1, 56-300 Milicz"
Niepubliczny Zakład Opieki Zdrowotnej Powiatowe Centrum Zdrowia Sp. Z O.o.,"Gustawa Morcinka 7, 59-600 Lwówek Śląski"
Regionalne Centrum Zdrowia Spółka Z Ograniczoną Odpowiedzialnością,"Gen. Józefa Bema 5-6, 59-300 Lubin"
"""miedziowe Centrum Zdrowia"" S.a. W Lubinie","Marii Skłodowskiej-Curie 66, 59-301 Lubin"
Szpital Powiatowy Im. Dr A.gacy I Dr J.łaskiego - Niepubliczny Zakład Opieki Zdrowotnej W Więcborku,"Mickiewicza 26, 89-410 Więcbork"
Szpital Wojewódzki,"Wieniecka 49, 87-800 Włocławek"
Wojewódzki Szpital Specjalistyczny We Włocławku,"Wieniecka 49, 87-800 Włocławek"
Wojewódzki Szpital Obserwacyjno-Zakaźny W Toruniu,"Krasińskiego 4/4A, 87-100 Toruń"
"""szpital Tucholski"" Spółka Z Ograniczoną Odpowiedzialnością","Nowodworskiego 14-18, 89-500 Tuchola"
Spzoz Specjalistyczny Szpital Miejski Im. M. Kopernika,"Batorego 17/19, 87-100 Toruń"
Niepubliczny Zakład Opieki Zdrowotnej Nowy Szpital W Wąbrzeźnie - Nowy Szpital W Wąbrzeźnie Sp. Z O.o.,"Wolności 27, 87-200 Wąbrzeźno"
Wojewódzki Szpital Zespolony Im. L. Rydygiera W Toruniu,"Św. Józefa 53-59, 87-100 Toruń"
"Nzoz ""nowy Szpital Sp. Z O.o."" Prowadzony Przez Nowy Szpital Sp. Z O.o.","Wojska Polskiego 126, 86-100 Świecie"
Samodzielny Publiczny Zakład Opieki Zdrowotnej W Rypinie,"3-Go Maja 2, 87-500 Rypin"
Samodzielny Publiczny Zakład Opieki Zdrowotnej,"Szpitalna 3, 88-200 Radziejów"
"Niepubliczny Zakład Opieki Zdrowotnej ""nowy Szpital W Nakle I Szubinie Spółka Z O.o.,,","Mickiewicza 7, 89-100 Nakło Nad Notecią"
Samodzielny Publ.iczny Zakład Opieki Zdrowotnej W Mogilnie,"Kościuszki 10, 88-300 Mogilno"
Szpital Wielospecjalistyczny Im. Dr. Ludwika Błażka W Inowrocławiu,"Poznańska 97, 88-100 Inowrocław"
"Nzoz ""szpital Lipno"" Utworzony Przez Szpital Lipno Spółka Z O.o.","Nieszawska 6, 87-600 Lipno"
Szpital Grochowski Im.dr Med. Rafała Masztaka Samodzielny Publiczny Zakład Opieki Zdrowotnej,"Grenadierów 51/59, 04-073 Warszawa"
Szpital Grochowski Im. Dr Med. Rafała Masztaka Spółka Z Ograniczoną Odpowiedzialnośćią,"Grenadierów 51/59, 04-073 Warszawa"
Szpital Kliniczny Dzieciątka Jezus,"Lindleya 4, 02-005 Warszawa"
Szpital Dziecięcy Im. Prof. Dr. Med. Jana Bogdanowicza Samodzielny Publiczny Zakład Opieki Zdrowotnej,"Niekłańska 4/24, 03-924 Warszawa"
Samodzielny Publiczny Szpital Kliniczny Im. Prof. Witolda Orłowskiego Centrum Medycznego Kształcenia Podyplomowego W Warszawie,"Czerniakowska 231, 00-416 Warszawa"
Szpital Czerniakowski Samodzielny Publiczny Zakład Opieki Zdrowotnej,"Stępińska 19/25, 00-739 Warszawa"
Samodzielny Publiczny Zakład Opieki Zdrowotnej Warszawa-Ursynów,"Zamiany 13, 02-786 Warszawa"
Szpital Bielański Im.ks.jerzego Popiełuszki Samodzielny Publiczny Zakład Opieki Zdrowotnej,"Cegłowska 80, 01-809 Warszawa"
"Niepubliczny Zakład Opieki Zdrowotnej Szpital Jednodniowy ""ibis""","Kacza 8, 01-013 Warszawa"
Niepubliczny Zakład Opieki Zdrowotnej Magodent,"Fieldorfa 40, 04-125 Warszawa"
Niepubliczny Zakład Opieki Zdrowotnej Centrum Medyczne Mml,"Bagno 2 Wejście E Lok 3 2, 00-112 Warszawa"
"Narodowy Instytut Geriatrii, Reumatologii I Rehabilitacji Im. Prof. Dr Hab. Med. Eleonory Reicher","Spartańska 1, 02-637 Warszawa"
Samodzielny Publiczny Centralny Szpital Kliniczny,"Banacha 1A, 02-097 Warszawa"
Samodzielny Publiczny Dziecięcy Szpital Kliniczny,"Żwirki I Wigury 63A, 02-091 Warszawa"
"Instytut ""pomnik - Centrum Zdrowia Dziecka"" W Warszawie","Aleja Dzieci Polskich 20, 04-730 Warszawa"
Instytut Matki I Dziecka,"Kasprzaka 17 A, 01-211 Warszawa"
Krajowa Fundacja Medyczna,"Łabiszyńska 25, 03-204 Warszawa"
Mazowiecki Szpital Bródnowski W Warszawie Sp. Z O.o.,"Kondratowicza 8, 03-242 Warszawa"
Instytut Kardiologii Im Prymasa Tysiąclecia Stefana Kardynała Wyszyńskiego,"Alpejska 42, 04-628 Warszawa"
Instytut Hematologii I Transfuzjologii,"Indiry Gandhi 14, 02-776 Warszawa"
Centrum Medyczne Damiana Sp.z O.o.,"Wałbrzyska 46, 02-739 Warszawa"
Europejskie Centrum Zdrowia Otwock Sp. Z O.o.,"Żytnia 16/c, 01-014 Warszawa"
Endoterapia Sp. Z O.o.,"Brzeska 12, 03-737 Warszawa"
"Centrum Leczniczo Rehabilitacyjne I Medycyny Pracy ""attis""","Górczewska 89, 01-401 Warszawa"
Centrum Leczniczo-Rehabilitacyjne I Medycyny Pracy Attis Spółka Z Ograniczoną Odpowiedzialnością,"Górczewska 89, 01-401 Warszawa"
Centralny Szpital Kliniczny Msw I A W Warszawie,"Wołoska 137, 02-507 Warszawa"
Samodzielny Publiczny Zakład Opieki Zdrowotnej W Sokołowie Podlaskim,"Ks. J. Bosko 5, 08-300 Sokołów Podlaski"
Miejskie Zakłady Opieki Zdrowotnej W Żorach Sp Z O. O.,"Dąbrowskiego 20, 44-240 Żory"
Zespół Zakładów Opieki Zdrowotnej W Żywcu,"Sienkiewicza 52, 34-300 Żywiec"
Szpital Powiatowy W Zawierciu,"Miodowa 14, 42-400 Zawiercie"
"Zespół Opieki Zdrowotnej ""szpitala Powiatowego""  W Sochaczewie","Batalionów Chłopskich 3/7, 96-500 Sochaczew"
Samodzielny Publiczny Zespół Zakładów Opieki Zdrowotnej W Sierpcu,"Juliusza Słowackiego 32, 09-200 Sierpc"
Samodzielny Publiczny Zakład Opieki Zdrowotnej Szpital Specjalistyczny W Zabrzu,"M. C. Skłodowskiej 10, 41-800 Zabrze"
Szpital Miejski W Zabrzu Spółka Z Ograniczoną Odpowiedzialnością,"Zamkowa 4, 41-803 Zabrze"
Śląskie Centrum Chorób Serca W Zabrzu,"Marii Curie-Skłodowskiej 9, 41-800 Zabrze"
Wojewódzki Szpital Chorób Płuc Im. Dr Alojzego Pawelca,"Bracka 13, 44-300 Wodzisław Śląski"
"Centrum Medyczne ""silesiana""  Spółką Z Ograniczoną Odpowiedzialnością","Szybowa 2A, 41-808 Zabrze"
Samodzielny Publiczny Zakład Opieki Zdrowotnej Szpital Kolejowy W Wilkowicach-Bystrej,"Żywiecka 19, 43-365 Wilkowice"
Samodzielny Publiczny Szpital Kliniczny Nr 1 Im Prof. Stanisława Szyszko Sum W Katowicach,"3-Go Maja 13-15, 41-800 Zabrze"
Megrez Spółka Z Ograniczoną Odpowiedzialnością,"Edukacji 102, 43-100 Tychy"
Wielospecjalistyczny Szpital Powiatowy Spółka Akcyjna,"Pyskowicka 47-51, 42-612 Tarnowskie Góry"
Zespół Opieki Zdrowotnej W Świętochłowicach Spółka Z Ograniczoną Odpowiedzialnością,"Chorzowska 38, 41-605 Świętochłowice"
Wojewódzki Szpital Specjalistyczny Nr 5 Im. Św. Barbary W Sosnowcu,"Medyków 1, 41-200 Sosnowiec"
Śląski Szpital Reumatologiczno-Rehabilitacyjny Im.gen.jerzego Ziętka,"Szpitalna 11/11, 43-450 Ustroń"
Powiatowy Publiczny Zakład Opieki Zdrowotnej W Rydułtowach I Wodzisławiu Śląskim Z Siedzibą W Wodzisławiu Śląskim,"26 Marca 51, 44-300 Wodzisław Śląski"
Szpital Miejski W Tychach,"Cicha 27, 43-100 Tychy"
Szpital Rejonowy Im. Dr. Józefa Rostka W Raciborzu,"Gamowska 3, 47-400 Racibórz"
Centrum Pediatrii Im. Jana Pawła Ii W Sosnowcu,"Gabrieli Zapolskiej 3, 41-218 Sosnowiec"
Szpital Miejski W Siemianowicach Śląskich,"1-Go Maja  9, 41-100 Siemianowice Śląskie"
Samodzielny Publiczny Zakład Opieki Zdrowotnej W Świdniku,"Bolesława Leśmiana 4, 21-040 Świdnik"
Samodzielny Publiczny  Szpital Miejski W Sosnowcu,"Szpitalna 1, 41-219 Sosnowiec"
"Nefrolux Lucjan Sobieraj, Wojciech Kamiński Spółka Jawna","Szpitalna 6, 41-100 Siemianowice Śląskie"
Samodzielny Publiczny Zakład Opieki Zdrowotnej Wojewódzki Szpital Specjalistyczny Nr 3 W Rybniku,"Energetyków 46, 44-200 Rybnik"
Szpital Miejski W Rudzie Śląskiej Spółka Z Ograniczoną Odpowiedzialnością,"Wincentego Lipa 2, 41-703 Ruda Śląska"
Samodzielny Publiczny Zespół Opieki Zdrowotnej W Szczebrzeszynie,"Klukowskiego 3, 22-460 Szczebrzeszyn"
Samodzielny Publiczny Zakład Opieki Zdrowotnej W Radzyniu Podlaskim,"Wisznicka 111, 21-300 Radzyń Podlaski"
Samodzielny Publiczny Zakład Opieki Zdrowotnej W Parczewie,"Kościelna 136, 21-200 Parczew"
Samodzielny Publiczny Zakład Opieki Zdrowotnej W Łukowie,"Doktora Andrzeja Rogalińskiego 3, 21-400 Łuków"
"""klinika"" Sp. Z O.o. Niepubliczny Zakład Opieki Zdrowotnej","1 Maja 16, 24-150 Nałęczów"
Samodzielny Publiczny Zakład Opieki Zdrowotnej W Międzyrzecu Podlaskim,"Warszawska 2-4, 21-560 Międzyrzec Podlaski"
Samodzielny Publiczny Zakład Opieki Zdrowotnej W Puławach,"Józefa Bema 1, 24-100 Puławy"
Samodzielny Publiczny Zakład Opieki Zdrowotnej W Opolu Lubelskim,"Przemysłowa 4A, 24-300 Opole Lubelskie"
Samodzielny Publiczny Zakład Opieki Zdrowotnej W Łęcznej,"Krasnystawska 52, 21-010 Łęczna"
Wojewódzki Szpital Specjalistyczny Im. Stefana Kardynała Wyszyńskiego Samodzielny Publiczny Zakład Opieki Zdrowotnej,"Aleja Kraśnicka 100, 20-718 Lublin"
Uniwersytecki Szpital Dziecięcy W Lublinie,"Prof. Antoniego Gębali 6, 20-093 Lublin"
Zachodniopomorskie Centrum Onkologii,"Strzałowska 22, 71-730 Szczecin"
Samodzielny Publiczny Zakład Opieki Zdrowotnej Ministerstwa Spraw Wewnętrznych I Administracji W Lublinie,"Grenadierów 3, 20-331 Lublin"
Szpital Neuropsychiatryczny Im. Prof. M. Kaczyńskiego Samodzielny Publiczny Zakład Opieki Zdrowotnej,"Abramowicka 2, 20-442 Lublin"
Specjalistyczny Szpital  Im. Prof. Alfreda Sokołowskiego,"A. Sokołowskiego 11, 70-891 Szczecin"
Samodzielny Publiczny Wojewódzki Szpital Zespolony,"Arkońska 4, 71-455 Szczecin"
Samodzielny Publiczny Szpital Kliniczny Nr 2 Pomorskiego Uniwersytetu Medycznego,"Powstańców Wielkopolskich 72, 70-111 Szczecin"
Szpital Powiatowy W Pyrzycach,"Jana Pawła Ii 2, 74-200 Pyrzyce"
Samodzielny Publiczny Szpital Rejonowy W Nowogardzie,"Wojska Polskiego 7, 72-200 Nowogard"
109 Szpital Wojskowy Z Przychodnią Samodzielny Publiczny  Zakład Opieki Zdrowotnej,"Ks.piotra Skargi 9-11, 70-965 Szczecin"
Szpital Powiatowy W Sławnie,"I-Go Pułku Ułanów 9, 76-100 Sławno"
Samodzielny Publiczny Wielospecjalistyczny Zakład Opieki Zdrowotnej W Stargardzie,"Wojska Polskiego 27, 73-110 Stargard"
Samodzielny Publiczny Szpital Kliniczny Nr 1 Im. Prof.tadeusza Sokołowskiego Pum,"Unii Lubelskiej 1, 71-252 Szczecin"
"Samodzielny Publiczny Specjalistyczny Zakład Opieki Zdrowotnej ""zdroje""","Mączna 4, 70-780 Szczecin"
Szpital Wojewódzki Im. M. Kopernika W Koszalinie,"Chałubińskiego 7, 75-581 Koszalin"
"""szpital Powiatowy W Gryfinie"" Spółka Z Ograniczoną Odpowiedzialnością","Parkowa 5, 74-100 Gryfino"
Samodzielny Publiczny Zakład Opieki Zdrowotnej Szpital Powiatowy,"Kościuszki 58, 74-400 Dębno"
Szpital Powiatowy W Białogardzie,"Chopina 29 29, 78-200 Białogard"
Samodzielny Publiczny Zakład Opieki Zdrowotnej W Choszcznie,"M. Niedziałkowskiego 4A, 73-200 Choszczno"
Samodzielny Publiczny Zespół Zakładów Opieki Zdrowotnej W Gryficach,"Niechorska 27, 72-300 Gryfice"
Prywatna Lecznica Chirurgiczna Praxis Sp. Z O.o.,"E.gierczak 35, 75-333 Koszalin"
Regionalny Szpital W Kołobrzegu,"Łopuskiego 31, 78-100 Kołobrzeg"
Szpitalne Centrum Medyczne W Goleniowie Spółka Z Ograniczoną Odpowiedzialnością,"Nowogardzka 2, 72-100 Goleniów"
Samodzielny Publiczny Zakład Opieki Zdrowotnej Szpital Powiatowy W Barlinku,"Szpitalna 10, 74-320 Barlinek"
Centrum Diagnostyczno-Terapeutyczne Medicus Sp. Z O.o.,"Leśna 8, 59-300 Lubin"
Niepubliczny Zakład Opieki Zdrowotnej Powiatowe Centrum Zdrowia W Kowarach,"Sanatoryjna 15, 58-530 Kowary"
Niepubliczny Zakład Opieki Zdrowotnej Łużyckie Centrum Medyczne W Lubaniu Spółka Z Ograniczoną Odpowiedzialnością,"Zawidowska 4, 59-800 Lubań"
Powiatowe Centrum Zdrowia W Kamiennej Górze Sp. Z O.o. Nzoz Szpital Powiatowy,"Bohaterów Getta 10, 58-400 Kamienna Góra"
"""zespół Opieki Zdrowotnej"" W Kłodzku","Szpitalna 1A, 57-300 Kłodzko"
Karkonoskie Centrum Medyczne,"Bankowa 5-7, 58-500 Jelenia Góra"
Centrum Medyczne Karpacz Spółka Akcyjna Szpital,"Myśliwska 13, 58-540 Karpacz"
Wojewódzki Szpital Specjalistyczny W Legnicy,"Jarosława Iwaszkiewicza 5, 59-220 Legnica"
Jaworskie Centrum Medyczne Sp. Z O.o.,"Szpitalna 3, 59-400 Jawor"
Polskie Centrum Zdrowia Góra Śląska Spółka Z Ograniczoną Odpowiedzialnością,"Ludwika Hirszfelda 8, 56-200 Góra"
Zespół Opieki Zdrowotnej W Głogowie,"Kościuszki 15, 67-200 Głogów"
Niepubliczny Zakład Opieki Zdrowotnej Szpital Powiatowy W Dzierżoniowie Sp. Z O.o.,"Cicha 1, 58-200 Dzierżoniów"
Zespół Opieki Zdrowotnej W Bolesławcu,"Jeleniogórska 4, 59-700 Bolesławiec"
Samodzielny Publiczny Zespół Opieki Zdrowotnej W Bogatyni,"Leona Wyczółkowskiego 15, 59-920 Bogatynia"
Wojewódzkie Centrum Szpitalne Kotliny Jeleniogórskiej,"Michała Kleofasa Ogińskiego 6, 58-506 Jelenia Góra"
Szpital Powiatowy Sp. Z O.o. W Chełmży,"Szewska 23, 87-140 Chełmża"
"Zakład Opieki Zdrowotnej Szpital Powiatowy W Golubiu - Dobrzyniu Prow. Przez ""szpital Powiatowy""  Sp. Z O.o.","Koppa 1E, 87-400 Golub-Dobrzyń"
Zespół Opieki Zdrowotnej W Chełmnie,"Plac Dr Rydygiera 1, 86-200 Chełmno"
Regionalny Szpital Specjalistyczny Im. Dr  Władysława Biegańskiego W Grudziądzu,"Dr. Ludwika Rydygiera 15/17, 86-300 Grudziądz"
Wielospecjalistyczny Szpital Miejski Im. Dr E. Warmińskiego Spzoz W Bydgoszczy,"Szpitalna 19, 85-826 Bydgoszcz"
Szpital Uniwersytecki Nr 2 Im. Dr Jana Biziela W Bydgoszczy,"Ujejskiego 75, 85-168 Bydgoszcz"
Wojewódzki Szpital Dziecięcy Im. J. Brudzińskiego W  Bydgoszczy,"Chodkiewicza 44, 85-667 Bydgoszcz"
Szpital Uniwersytecki Nr 1 Im. Dr. Antoniego Jurasza W Bydgoszczy,"M.skłodowskiej-Curie 9, 85-094 Bydgoszcz"
Szpital Swiętego Łukasza,"Bydg. Batal. Obrony Narodowej 10A, 85-825 Bydgoszcz"
Samodzielny Publiczny Wielospecjalistyczny Zakład Opieki Zdrowotnej Ministerstwa Spraw Wewnętrznych W Bydgoszczy,"Markwarta 4-6, 85-015 Bydgoszcz"
Nzoz Centrum Medyczne Gizińscy W Bydgoszczy Sp. Z O.o.,"Leśna 9A, 85-079 Bydgoszcz"
Kujawsko - Pomorskie Centrum Pulmonologii W Bydgoszczy,"Seminaryjna 1, 85-326 Bydgoszcz"
Spzoz 10 Wojskowy Szpital Kliniczny Z Polikliniką,"Powstańców Warszawy 5, 85-681 Bydgoszcz"
Powiatowy Szpital W Aleksandrowie Kujawskim Sp. Z O.o.,"Słowackiego 18, 87-700 Aleksandrów Kujawski"
Samodzielny Publiczny Zakład Opieki Zdrowotnej W Siedlcach,"Kilińskiego 29, 08-110 Siedlce"
Zespół Opieki Zdrowotnej W Brodnicy,"Wiejska 9, 87-300 Brodnica"
Centrum Onkologii Im. Prof. Franciszka Łukaszczyka W Bydgoszczy,"I. Romanowskiej 2, 85-796 Bydgoszcz"
Mazowiecki Szpital Specjalistyczny Spółka Z Ograniczoną Odpowiedzialnością,"Juliana Aleksandrowicza 5, 26-617 Radom"
Wojewódzki Szpital Specjalistyczny W Radomiu,"Aleksandrowicza 5, 26-617 Radom"
Radomski Szpital Specjalistyczny Im.dr Tytusa Chałubińskiego,"Lekarska 4, 26-610 Radom"
Mazowiecki Szpital Wojewódzki W Siedlcach  Sp. Z O.o.,"Poniatowskiego 26, 08-110 Siedlce"
Szpital Powiatowy W Pułtusku Spółka Z O.o.,"Teofila Kwiatkowskiego 19, 06-102 Pułtusk"
Samodzielny Publiczny Zakład Opieki Zdrowotnej W Pułtusku,"Teofila Kwiatkowskiego 19, 06-102 Pułtusk"
Szpital Kolejowy Im Dr Med. Włodzimierza Roeflera W Pruszkowie - Spzoz,"Warsztatowa 1, 05-800 Pruszków"
Płocki Zakład Opieki Zdrowotnej Sp. Z O.o.,"Tadeusza Kościuszki 28, 09-402 Płock"
Samodzielny Publiczny Zespół Zakładów Opieki Zdrowotnej W Pruszkowie,"Armii Krajowej 2/4, 05-800 Pruszków"
Samodzielny Publiczny Zespół Zakładów Opieki Zdrowotnej Im. Marszałka Józefa Piłsudskiego W Płońsku,"Henryka Sienkiewicza 7, 09-100 Płońsk"
Wojewódzki Szpital Zespolony W Płocku,"Medyczna 19, 09-400 Płock"
Samodzielny Publiczny Zespół Zakładów Opieki Zdrowotnej W Przasnyszu,"Sadowa 9, 06-300 Przasnysz"
Niepubliczny Zakład Opieki Zdrowotnej Szpital Św. Anny W Piasecznie,"Mickiewicza 39, 05-500 Piaseczno"
Powiatowe Centrum Zdrowia Spółka Z Ograniczoną Odpowiedzialnością,"Batorego 44, 05-400 Otwock"
Mazowieckie Centrum Leczenia Chorób Płuc I Gruźlicy,"Narutowicza 80, 05-400 Otwock"
Samodzielny Publiczny Zespół Zakładów Opieki Zdrowotnej W Pionkach,"Sienkiewicza 29, 26-670 Pionki"
Samodzielny Publiczny Zakład Opieki Zdrowotnej W Mławie,"Dr Anny Dobrskiej 1, 06-500 Mława"
Samodzielny Publiczny Zespół Opieki Zdrowotnej,"Szpitalna 37, 05-300 Mińsk Mazowiecki"
Samodzielny Publiczny Zespół Zakładów Opieki Zdrowotnej W Ostrowi Mazowieckiej,"Duboisa 68, 07-300 Ostrów Mazowiecka"
Samodzielny Zakład Opieki Zdrowotnej  Nowe Miasto Nad Pilicą,"Tomaszowska 43, 26-420 Nowe Miasto Nad Pilicą"
Nowodworskie Centrum Medyczne W Nowym Dworze Mazowieckim,"Miodowa 2, 05-100 Nowy Dwór Mazowiecki"
Mazowiecki Szpital Specjalistyczny Im. Dr Józefa Psarskiego W Ostrołęce,"Al. Jana Pawła Ii 120A, 07-410 Ostrołęka"
Samodzielny Publiczny Zakład Opieki Zdrowotnej,"Słoneczna 1, 08-200 Łosice"
Samodzielny Publiczny Zakład Opieki Zdrowotnej - Zespół Zakładów,"Witosa 2, 06-200 Maków Mazowiecki"
Samodzielny Publiczny  Zespół Zakładów Opieki Zdrowotnej W Lipsku,"Jędrzeja Śniadeckiego 2, 27-300 Lipsko"
Jerzy Petz Mediq Niepubliczny Zakład Opieki Zdrowotnej,"Marsz. Józefa Piłsudskiego 20, 05-120 Legionowo"
Samodzielny Publiczny Zakład Opieki Zdrowotnej Szpital Powiatowy,"Szpitalna 2, 44-120 Pyskowice"
Samodzielny Publiczny Zespół Zakładów Opieki Zdrowotnej W Kozienicach,"Al. Wł. Sikorskiego 10, 26-900 Kozienice"
Piekarskie Centrum Medyczne Spółka Z Ograniczoną Odpowiedzialnością,"Szpitalna 11, 41-940 Piekary Śląskie"
Samodzielny Publiczny Wojewódzki Szpital Chirurgii Urazowej Im.dr J. Daaba,"Bytomska 62, 41-940 Piekary Śląskie"
Samodzielny Publiczny Zespół Opieki Zdrowotnej W Myszkowie,"Aleja Wolności 29, 42-300 Myszków"
Mysłowickie Centrum Zdrowia Spółka Z Ograniczoną Odpowiedzialnością,"Mikołowska 1, 41-400 Mysłowice"
Paweł Molga,"Aleja Wolności 20, 42-300 Myszków"
Sp Zoz Szpital Nr 2 Im. Dr. Tadeusza Boczonia W Mysłowicach,"Bytomska 41, 41-400 Mysłowice"
Szpital Św. Józefa Sp. Z O. O.,"Stefana Okrzei 27, 43-190 Mikołów"
Centrum Zdrowia W Mikołowie Sp. Z O.o.,"Ludwika Waryńskiego 2, 43-190 Mikołów"
Samodzielny Publiczny Zespół Opieki Zdrowotnej W Lublińcu,"Sobieskiego 9, 42-700 Lubliniec"
Szpital W Knurowie,"Niepodległości 8, 44-190 Knurów"
Zespół Opieki Zdrowotnej W Kłobucku,"11 Listopada 5C, 42-100 Kłobuck"
Uniwersyteckie Centrum Kliniczne Im. Prof. K. Gibińskiego Śląskiego Uniwersytetu Medycznego W Katowicach,"Ceglana 35, 40-514 Katowice"
Tomasz Bula,"Żelazna 1, 40-952 Katowice"
Szpital Zakonu Bonifratrów W Katowicach Spółka Z Ograniczoną Odpowiedzialnością,"Leopolda Markiefki 87, 40-211 Katowice"
Sp Centralny Szpital Kliniczny Im.prof. Kornela Gibińskiego Śląskiego Uniwersytetu Medycznego W Katowicach,"Medyków 14, 40-752 Katowice"
"Spółka Cywilna ""inter - Med"" Ewa Rogóż, Janusz Rogóż","Grabowa 32, 40-172 Katowice"
Samodzielny Publiczny Zakład Opieki Zdrowotnej Ministerstwa Spraw Wewnętrznych I Administracji W Katowicach Im. Sierżanta Grzego,"Bartosza Głowackiego 10, 40-052 Katowice"
Samodzielny Publiczny Szpital Kliniczny Nr 6 Śląskiego Uniwersytetu Medycznego W Katowicach Górnośląskie Centrum Zdrowia Dziecka,"Medyków 16, 40-752 Katowice"
"Samodzielny Publiczny Szpital Kliniczny Im. Andrzeja Mielęckiego Śląskiego Uniwersytetu Medycznego W Katowicach,","Francuska 20/24, 40-027 Katowice"
Provita Spółka Z Ograniczoną Odpowiedzialnością,"Fabryczna 13D, 40-611 Katowice"
Szpital Miejski Murcki W Katowicach,"Sokołowskiego 2, 40-749 Katowice"
Sp Szpital Kliniczny Nr 7 Śląskiego Uniwersytetu Medycznego W Katowicach Górnośląskie Centrum Medyczne Im. Prof. Leszka Gieca,"Ziołowa 45-47, 40-635 Katowice"
Centrum Medyczne Medicos S.a.,"Onyksowa 12, 20-582 Lublin"
Medisana Sp. Z O.o. W Likwidacji,"Ks.kard. Wyszyńskiego 4, 40-132 Katowice"
Okręgowy Szpital Kolejowy W Katowicach Spzoz,"Panewnicka 65, 40-760 Katowice"
Arion Szpitale Sp. Z O.o.,"Zbożowa 22D, 20-827 Lublin"
Janina Leśnik- Ludyga,"Tadeusza Kościuszki 92B, 40-519 Katowice"
1 Wojskowy Szpital Kliniczny  Z Polikliniką Samodzielny Publiczny Zakład Opieki Zdrowotnej W Lublinie,"Aleje Racławickie 23, 20-904 Lublin"
Katowickie Centrum Onkologii,"Raciborska 26, 40-074 Katowice"
Samodzielny Publiczny Zakład Opieki Zdrowotnej W Lubartowie,"Cicha 14, 21-100 Lubartów"
Samodzielny Publiczny Zakład Opieki Zdrowotnej W Kraśniku,"Chopina 13, 23-200 Kraśnik"
Samodzielny Publiczny Zespół Zakładów Opieki Zdrowotnej W Janowie Lubelskim,"Jana Zamoyskiego 149, 23-300 Janów Lubelski"
Niepubliczny Zakład Opieki Zdrowotnej Centrum Medyczne Ani-Med,"Zamoyskiego 77, 23-300 Janów Lubelski"
Samodzielny Publiczny Zespół Opieki Zdrowotnej W Hrubieszowie,"Piłsudskiego 11, 22-500 Hrubieszów"
Samodzielny Publiczny Zespół Opieki Zdrowotnej W Krasnymstawie,"Sobieskiego 4, 22-300 Krasnystaw"
6 Szpital Wojskowy Z Przychodnią Samodzielny Publiczny Zakład Opieki Zdrowotnej W Dęblinie,"Szpitalna 2, 08-530 Dęblin"
Samodzielny Publiczny Zakład Opieki Zdrowotnej Nr 1 W Bełżycach,"Przemysłowa 44, 24-200 Bełżyce"
Samodzielny Publiczny Wojewódzki Szpital Specjalistyczny W Chełmie,"Ceramiczna 1, 22-100 Chełm"
Szpital Na Wyspie Spółka Z Ograniczoną Odpowiedzialnością,"Pszenna 2, 68-200 Żary"
"Specjalistyczne Centrum Medyczne ""urolog"" Bromber, Halińska Spółka Jawna","Anieli Krzywoń 2, 65-001 Zielona Góra"
Szpital Wojewódzki Spzoz W Zielonej Górze,"Zyty 26, 65-046 Zielona Góra"
Nowy Szpital W Szprotawie Spółka Z Ograniczoną Odpowiedzialnością,"Henrykowska 1, 67-300 Szprotawa"
Nowy Szpital W Świebodzinie Spółka Z Ograniczoną Odpowiedzialnością,"Młyńska 6, 66-200 Świebodzin"
105. Kresowy Szpital Wojskowy Z Przychodnią Samodzielny Publiczny Zakład Opieki Zdrowotnej W Żarach,"Domańskiego 2, 68-200 Żary"
Wojewódzki Szpital Specjalistyczny W Białej Podlaskiej,"Terebelska 57-65, 21-500 Biała Podlaska"
Nowy Szpital We Wschowie Spółka Z Ograniczoną Odpowiedzialnoscią,"Ks. Kostki 33, 67-400 Wschowa"
Nowy Szpital Powiatu Krośnieńskiego Spółka Z Ograniczoną Odpowiedzialnością,"Piastów 3, 66-600 Krosno Odrzańskie"
Niepubliczny Zakład Opieki Zdrowotnej Szpital Im.dr Nauk Medycznych Radzimira Śmigielskiego Sp. Z O.o.,"Szpitalna 5, 66-440 Skwierzyna"
Wielospecjalistyczny Szpital W Nowej Soli,"Chałubińskiego 7, 67-100 Nowa Sól"
Samodzielny Publiczny Zakład Opieki Zdrowotnej Międzyrzecz,"Konstytucji 3 Maja 35, 66-300 Międzyrzecz"
Nowy Szpital W Kostrzynie Nad Odrą Spółka Z Ograniczoną Odpowiedzialnością,"Gabriela Narutowicza 6, 66-470 Kostrzyn Nad Odrą"
Samodzielny Publiczny Zakład Opieki Zdrowotnej Sulęcin,"Wincentego Witosa 7, 69-200 Sulęcin"
Samodzielny Publiczny Zakład Opieki Zdrowotnej W Sulechowie,"Zwycięstwa 1, 66-100 Sulechów"
Niepubliczny Zakład Opieki Zdrowotnej Szpital Im. Prof. Zbigniewa Religi W Słubicach Spółka Z Ograniczoną Odpowiedzialnością,"Nadodrzańska 6, 69-100 Słubice"
"""powiatowe Centrum Zdrowia"" Spółka Z Ograniczoną Odpowiedzialnością","Piłsudskiego 8, 66-530 Drezdenko"
Szpitale Tczewskie,"30 Stycznia 57/58, 83-110 Tczew"
Szpital Św. Jana,"Dra Józefa Balewskiego 1, 83-200 Starogard Gdański"
Szpital Specjalistyczny Im. Floriana Ceynowy,"Jagalskiego 10, 84-200 Wejherowo"
Szpital Pucki Sp. Z O.o.,"1 Maja 13A, 84-100 Puck"
"Niepubliczny Zakład Opieki Zdrowotnej ""centrum Zdrowia Salus""","Zielona 8, 76-200 Słupsk"
Samodzielny Publiczny Zakład Opieki Zdrowotnej Szpital Im. Franciszka Żaczka,"1 Maja 13 A, 84-100 Puck"
Szpital Specjalistyczny W Prabutach Spółka Z Ograniczoną Odpowiedzialnością,"Kuracyjna 30, 82-550 Prabuty"
Szpital Miejski W Miastku Spółka Z Ograniczoną Odpowiedzialnością,"Gen. Wybickiego 30, 77-200 Miastko"
Wojewódzki Szpital Specjalistyczny Im. Janusza Korczaka,"Prof. Lotha 26, 76-200 Słupsk"
Samodzielny Publiczny Szpital Wojewódzki W Gorzowie Wlkp.,"Dekerta 1, 66-400 Gorzów Wielkopolski"
Samodzielny Publiczny Zespół Zakładów Opieki Zdrowotnej - Szpital W Iłży,"Bodzentyńska 17, 27-100 Iłża"
Szpital Im. Dr Jadwigi Obodzińskiej-Król W Malborku,"Armii Krajowej 105/106, 82-200 Malbork"
Samodzielny Publiczny Specjalistyczny Zakład Opieki Zdrowotnej,"Juliana Węgrzynowicza 13, 84-300 Lębork"
"Niepubliczny Zakład Opieki Zdrowotnej ""zdrowie""","Józefa Hallera 31, 82-500 Kwidzyn"
Szpital Specjalistyczny W Kościerzynie,"A. Piechowskiego 36, 83-400 Kościerzyna"
Samodzielny Publiczny  Zakład Opieki Zdrowotnej Ministerstwa Spraw Wewnętrznych W Koszalinie,"Szpitalna 2, 75-720 Koszalin"
Mazowieckie Centrum Rehabilitacji Stocer Spółka Z Ograniczoną Odpowiedzialnością,"Wierzejewskiego 12, 05-510 Konstancin-Jeziorna"
Szpital Specjalistyczny / Zespół Poradni Specjalistycznych I Ratownictwa Medycznego,"Ks. Piotra Skargi 10, 05-600 Grójec"
Samodzielny Publiczny Zespół Zakładów Opieki Zdrowotnej W Gostyninie,"Kruk 5, 09-500 Gorzewo"
Szpital Specjalistyczny W Kościerzynie Spółka Z Ograniczoną Odpowiedzialnością,"Alojzego Piechowskiego 36, 83-400 Kościerzyna"
Samodzielny Publiczny Specjalistyczny Szpital Zachodni Im.św. Jana Pawła Ii,"Daleka 11, 05-825 Grodzisk Mazowiecki"
"Samodzielny Zespół Publicznych Zakładów Opieki Zdrowotnej Im. ""dzieci Warszawy"" W Dziekanowie Leśnym","Marii Konopnickiej 65, 05-092 Dziekanów Leśny"
Samodzielny Publiczny Zakład Opieki Zdrowotnej W Garwolinie,"Lubelska 50, 08-400 Garwolin"
Euromedic Medical Center,"Kościuszki  92, 40-519 Katowice"
Centrum Onkologii - Instytut Im. Marii Skłodowskiej-Curie,"Wybrzeże Armii Krajowej 15, 44-101 Gliwice"
Wojewódzki Szpital Specjalistyczny Nr 2 W Jastrzębiu Zdroju,"Aleja Jana Pawła Ii 7, 44-330 Jastrzębie-Zdrój"
Szpital Wielospecjalistyczny W Jaworznie,"Józefa Chełmońskiego 28, 43-600 Jaworzno"
Epione Spółka Z Ograniczoną Odpowiedzialnością,"Szopienicka 59, 40-431 Katowice"
Specjalistyczny Szpital Wojewódzki W Ciechanowie,"Powstańców Wielkopolskich 2, 06-400 Ciechanów"
"Niepubliczny Zakład Opieki Zdrowotnej ""silesia-Med"" S.a.","Zielonkówka  3, 43-227 Grzawa"
Gliwickie Centrum Medyczne,"Tadeusza Kościuszki 29, 44-100 Gliwice"
Szpital Wielospecjalistyczny W Gliwicach,"Tadeusza Kościuszki 1, 44-100 Gliwice"
Szpital Miejski Nr 4,"Zygmunta Starego 20, 44-100 Gliwice"
Jan Bińczyk,"Aleja Wolności 34, 42-200 Częstochowa"
Zagłębiowskie Centrum Onkologii Szpital Specjalistyczny Im. Sz. Starkiewicza W Dąbrowie Górniczej,"Szpitalna 13, 41-300 Dąbrowa Górnicza"
Miejski Szpital Zespolony,"Mirowska 15, 42-200 Częstochowa"
Niepubliczny Zakład Opieki Zdrowotnej Falmed-Szpital J. Falkowski Spółka Jawna,"Krótka 4, 43-502 Czechowice-Dziedzice"
Samodzielny Publiczny Zakład Opieki Zdrowotnej Zespół Szpitali Miejskich W Chorzowie,"Strzelców Bytomskich 11, 41-500 Chorzów"
Chorzowskie Centrum Pediatrii I Onkologii Im. Dr Edwarda Hankego,"Władysława Truchana 7, 41-500 Chorzów"
Wojewódzki Szpital Specjalistyczny Im. N.m.p.,"Bialska 104/118, 42-200 Częstochowa"
Szpital Specjalistyczny Nr 2 W Bytomiu,"Stefana Batorego 15, 41-902 Bytom"
Zespół Zakładów Opieki Zdrowotnej W Cieszynie,"Bielska 4, 43-400 Cieszyn"
Szpital Wojewódzki W Bielsku-Białej,"Aleja Armii Krajowej 101, 43-316 Bielsko-Biała"
Centrum Pulmonologii I Torakochirurgii W Bystrej,"Juliana Fałata 2, 43-360 Bystra"
Halina Frączek,"Szkolna 12, 42-470 Brudzowice"
Prywatna Przychodnia Lekarska,"Sosnowa 16, 42-290 Blachownia"
Szpital Specjalistyczny Nr 1 W Bytomiu,"Stefana Żeromskiego 7, 41-902 Bytom"
Spzoz Wojewódzki Szpital Specjalistyczny Nr 4 W Bytomiu,"Aleja Legionów 10, 41-902 Bytom"
Szpital Św. Wincentego A Paulo Sp. Z O. O.,"Wójta Radtkego 1, 81-348 Gdynia"
Szpital Morski Im. Pck,"Powstania Styczniowego 1, 81-519 Gdynia"
Clinica Medica Sp.z O.o.,"Montwiłła-Mireckiego 11, 81-229 Gdynia"
Wojewódzkie Centrum Onkologii,"Marii Skłodowskiej-Curie 2, 80-210 Gdańsk"
Szpital Specjalistyczny Św.wojciecha Samodzielny Publiczny Zakład Opieki Zdrowotnej,"Jana Pawła Ii 50, 80-462 Gdańsk"
Szpital Świętego Łukasza Spółka Akcyjna,"Bystrzańska 94B, 43-309 Bielsko-Biała"
Szpital Pediatryczny W Bielsku-Białej,"Sobieskiego 83, 43-300 Bielsko-Biała"
Szpital Dziecięcy Polanki Im. Macieja Płażyńskiego W Gdańsku Spółka Z Ograniczoną Odpowiedzialnością,"Polanki 119, 80-308 Gdańsk"
Samodzielny Publiczny Zakład Opieki Zdrowotnej Ministerstwa Spraw Wewnętrznych I Administracji W Gdańsku,"Kartuska 4/6, 80-104 Gdańsk"
Uniwersyteckie Centrum Kliniczne,"Dębinki 7, 80-952 Gdańsk"
Niepubliczny Zakład Opieki Zdrowotnej Szpital Powiatu Bytowskiego,"Lęborska 13, 77-100 Bytów"
Samodzielny Publiczny Zakład Opieki Zdrowotnej W Człuchowie,"Szczecińska 16, 77-300 Człuchów"
Szpital Specjalistyczny Im.j.k.łukowicza W Chojnicach,"Leśna 10, 89-600 Chojnice"
Gdańskie Centrum Sercowo-Naczyniowe Spółka Z Ograniczoną Odpowiedzialnością,"Wileńska 44, 80-215 Gdańsk"
7 Szpital Marynarki Wojennej Z Przychodnią Spzoz Imienia Kontradmirała Profesora Wiesława Łasińskiego W Gdańsku,"Polanki 117, 80-305 Gdańsk"
Pomorskie Centrum Traumatologii Im. M. Kopernika W Gdańsku,"Nowe Ogrody 1-6, 80-803 Gdańsk"
Pomorskie Centrum Chorób Zakaźnych I Gruźlicy Spółka Z Ograniczoną Odpowiedzialnością,"Mariana Smoluchowskiego 18, 80-214 Gdańsk"
Drawskie Centrum Specjalistyczne,"Bolesława Chrobrego 4, 78-500 Drawsko Pomorskie"
Zduńskowolski Szpital Powiatowy Spółka Z Ograniczoną Odpowiedzialnością,"Królewska 29, 98-220 Zduńska Wola"
Samodzielny Publiczny Zespół Opieki Zdrowotnej W Zduńskiej Woli,"Królewska 29, 98-220 Zduńska Wola"
Samodzielny Publiczny Zakład Opieki Zdrowotnej Wieluń,"Szpitalna 16, 98-300 Wieluń"
Tomaszowskie Centrum Zdrowia,"Jana Pawła Ii 35, 97-200 Tomaszów Mazowiecki"
Powiatowe Centrum Medyczne Sp. Z.o.o. Niepubliczny Zakład Opieki Zdrowotnej Szpital Powiatowy,"Warszawska 104, 98-400 Wieruszów"
Niepubliczny Zakład Opieki Zdrowotnej Rosa Alba - Centrum Okulistyczne,"Joanny Żubr 30, 98-300 Wieluń"
Wojewódzki Szpital Zespolony Im. Stanisława Rybickiego W Skierniewicach,"Dr. Stanisława Rybickiego 1, 96-100 Skierniewice"
Wojewódzki Szpital Specjalistyczny Im. Marii Skłodowskiej - Curie W Zgierzu,"Parzęczewska 35, 95-100 Zgierz"
Przychodnia Rejonowo - Specjalistyczna W Rawie Mazowieckiej,"Niepodległości 8, 96-200 Rawa Mazowiecka"
Szpital Powiatowy W Radomsku,"Jagiellońska 36, 97-500 Radomsko"
Poddębickie Centrum Zdrowia,"Mickiewicza 16, 99-200 Poddębice"
Szpital Wojewódzki Im. Prymasa Kardynała Stefana Wyszyńskiego W Sieradzu,"Armii Krajowej 7, 98-200 Sieradz"
I Szpital Miejski Im Dr. E.sonnenberga Spzoz,"Pieniny 30, 92-033 Łódź-Widzew"
Samodzielny Szpital Wojewódzki Im. Mikołaja Kopernika W Piotrkowie Trybunalskim,"Rakowska 15, 97-300 Piotrków Trybunalski"
Samodzielny Publiczny Zakład Opieki Zdrowotnej Szpital Powiatowy Im.edmunda Biernackiego W Opocznie,"Partyzantów 30, 26-300 Opoczno"
"Niepubliczny Zakład Opieki Zdrowotnej ""pabianickie Centrum Medyczne""","Jana Pawła Ii 68, 95-200 Pabianice"
Powiatowy Zespół Opieki Zdrowotnej W Piotrkowie Trybunalskim,"Franklina Roosevelta 3, 97-300 Piotrków Trybunalski"
Wojewódzkie Centrum Ortopedii I Rehabilitacji Narządu Ruchu Im. Dr Z. Radlińskiego W Łodzi,"Drewnowska 75, 91-002 Łódź-Bałuty"
Samodzielny Publiczny Zakład Opieki Zdrowotnej Ministerstwa Spraw Wewnętrznych I Administracji W Łodzi,"Północna 42, 91-425 Łódź-Bałuty"
Wojewódzki Zespół Zakładów Opieki Zdrowotnej Centrum Leczenia Chorób Płuc I Rehabilitacji W Łodzi,"Okólna 181, 91-520 Łódź"
Instytut Gruźlicy I Chorób Płuc,"Płocka 26, 01-138 Warszawa"
Wojewódzki Specjalistyczny Szpital Im. Dr  Wł. Biegańskiego,"Gen. Karola Kniaziewicza 1/5, 91-347 Łódź"
Szpital Powiatowy Im. Dr Tytusa Chałubińskiego W Zakopanem,"Kamieniec 10, 34-500 Zakopane"
Wojewódzki Specjalistyczny Szpital Im. M. Pirogowa W Łodzi,"Wólczańska 191/195, 90-531 Łódź"
Zespół Zakładów Opieki Zdrowotnej W Wadowicach,"Karmelicka 5, 34-100 Wadowice"
Centrum Zdrowia Tuchów Spółka Z Ograniczoną Odpowiedzialnością,"Szpitalna 1, 33-170 Tuchów"
Wojewódzkie Wielospecjalistyczne Centrum Onkologii I Traumatologii Im. M. Kopernika W Łodzi,"Pabianicka 62, 93-513 Łódź"
Szpital Wojewódzki Im.sw.łukasza Samodzielny Publiczny Zakład Opieki Zdrowotnej W Tarnowie,"Lwowska 178A, 33-100 Tarnów"
"""szpital Miejski W Rabce Zdroju"" Spółka Z Ograniczoną Odpowiedzialnością","Słoneczna 3, 34-700 Rabka-Zdrój"
Specjalistyczny Szpital Im. E. Szczeklika W Tarnowie,"Szpitalna 13, 33-100 Tarnów"
Samodzielny Publiczny Zespół Opieki Zdrowotnej W Proszowicach,"Mikołaja Kopernika 13, 32-100 Proszowice"
Zespół Opieki Zdrowotnej W Oświęcimiu,"Wysokie Brzegi 4, 32-600 Oświęcim"
Nowy Szpital W Olkuszu Spółka Z Ograniczoną Odpowiedzialnością,"1000-Lecia 13, 32-300 Olkusz"
Podhalański Szpital Specjalistyczny Im. Jana Pawła Ii W Nowym Targu,"Szpitalna 14, 34-400 Nowy Targ"
Centrum Dializ Fresenius,"Krzywa 13, 60-118 Poznań"
Zespół Opieki Zdrowotnej W Suchej Beskidzkiej,"Szpitalna 22, 34-200 Sucha Beskidzka"
Szpital Powiatowy W Limanowej Imienia Miłosierdzia Bożego,"Piłsudskiego 61, 34-600 Limanowa"
Samodzielny Publiczny Zakład Opieki Zdrowotnej - Szpital Im.dr. Józefa Dietla W Krynicy-Zdroju,"Józefa Ignacego Kraszewskiego 142, 33-380 Krynica-Zdrój"
Szpital Na Siemiradzkiego Im. Rafała Czerwiakowskiego,"Siemiradzkiego 1, 31-137 Kraków-Śródmieście"
Wojewódzki Specjalistyczny Szpital Dziecięcy Im.św. Ludwika W Krakowie,"Strzelecka 2, 31-503 Kraków"
Szpital Specjalistyczny Im. Jędrzeja Śniadeckiego W Nowym Sączu,"Młyńska 10, 33-300 Nowy Sącz"
Szpital Św. Anny W Miechowie,"Szpitalna 3, 32-200 Miechów"
Samodzielny Publiczny Zakład Opieki Zdrowotnej W Myślenicach,"Szpitalna 2, 32-400 Myślenice"
Uniwersytecki Szpital Dziecięcy W Krakowie,"Wielicka 265, 30-663 Kraków"
Szpital Zakonu Bonifratrów Św.jana Grandego W Krakowie Spółka Z Ograniczoną Odpowiedzialnością,"Trynitarska 11, 31-061 Kraków"
Szpital Specjalistyczny Im. Stefana Żeromskiego Samodzielny Publiczny Zakład Opieki Zdrowotnej W Krakowie,"Na Skarpie 66, 31-913 Kraków"
Szpital Specjalistyczny Im. Ludwika Rydygiera W Krakowie Spółka Z Ograniczoną Odpowiedzialnością,"Os. Złotej Jesieni 1, 31-826 Kraków"
Niepubliczny Zakład Opieki Zdrowotnej Szpital Św. Łukasza Sp. Z O. O.,"Bystrzańska  94B, 43-309 Bielsko-Biała"
"""euroklinika"" Spółka Z Ograniczoną Odpowiedzialnością","Ks. Piotra Skargi  9, 43-300 Bielsko-Biała"
"""biel-Med"" Spółka Z Ograniczoną Odpowiedzialnością","Szara 5, 43-300 Bielsko-Biała"
Beskidzkie Centrum Medyczne Spółka Z Ograniczoną Odpowiedzialnością,"Jarosława Dąbrowskiego 3/1, 43-300 Bielsko-Biała"
Szpital Zakonu Bonifratrów  W Łodzi,"Kosynierów Gdyńskich 61, 93-357 Łódź"
Powiatowy Zespół Zakładów Opieki Zdrowotnej,"Stanisława Małachowskiego 12, 42-500 Będzin"
Szpital Chirurgii Małoinwazyjnej I Rekonstrukcyjnej Spółka Z Ograniczoną Odpowiedzialnością,"Armii Krajowej 180, 43-300 Bielsko-Biała"
Beskidzkie Centrum Onkologii-Szpital Miejski Im.jana Pawła Ii W Bielsku-Białej,"Wyzwolenia 18, 43-300 Bielsko-Biała"
Sp Zoz Uniwersytecki Szpital Kliniczny Nr 4 Im. Marii Konopnickiej Uniwersytetu Medycznego W Łodzi,"Sporna 36/50, 91-738 Łódź"
"""salve"" Zakład Opieki Zdrowotnej Sp. Z O.o.","Andrzeja Struga 3, 90-420 Łódź"
Medeor Plus,"Ciesielska 8, 91-308 Łódź"
Miejskie Centrum Medyczne Im. Dr.karola Jonschera W Łodzi,"Milionowa 14, 93-113 Łódź"
Samodzielny Publiczny Zakład Opieki Zdrowotnej Uniwersytecki Szpital Kliniczny Nr 1 Im. Norberta Barlickiego Uniwersytetu Medycz,"Dr. Stefana Kopcińskiego 22, 90-153 Łódź"
Samodzielny Publiczny Zakład Opieki Zdrowotnej Centralny Szpital Kliniczny Uniwersytetu Medycznego W Łodzi,"Pomorska 251, 92-213 Łódź"
"Centrum Zdrowia ""abis"" Przy Wyższej Szkole Informatyki I Umiejętności W Łodzi","Rzgowska 17A, 93-008 Łódź"
Zespół Opieki Zdrowotnej W Łowiczu,"Ułańska 28, 99-400 Łowicz"
Instytut Centrum Zdrowia Matki Polki,"Rzgowska 281/289, 93-338 Łódź"
Zespół Opieki Zdrowotnej W Łęczycy,"Zachodnia 6, 99-100 Łęczyca"
"Niepubliczny Zakład Opieki Zdrowotnej ""centrum Medyczne Wsinf"" W Głownie","Wojska Polskiego 32/34, 95-015 Głowno"
"Niepubliczny Zakład Opieki Zdrowotnej ""kutnowski Szpital Samorządowy""","Kościuszki 52, 99-300 Kutno"
Sp Zoz Uniwersytecki Szpital Kliniczny Im.wojskowej Akademii Medycznej Um W Łodzi - Centralny Szpital Weteranów,"Stefana Żeromskiego 113, 90-549 Łódź"
Szpital Miejski Specjalistyczny Im. Gabriela Narutowicza,"Prądnicka 35-37, 31-202 Kraków"
Szpital Specjalistyczny Im.j.dietla W Krakowie,"Skarbowa 4, 31-121 Kraków"
Specjalistyczne Centrum Diagnostyczno-Zabiegowe Medicina Spółka Z Ograniczoną Odpowiedzialnością,"Rogozińskiego 5, 31-559 Kraków"
Szpital Powiatowy W Brzezinach,"Marii Skłodowskiej-Curie 6, 95-060 Brzeziny"
Niepubliczny Zakład Opieki Zdrowotnej Multimedis,"Armii Krajowej 18, 30-150 Kraków"
Samodzielny Publiczny Zakład Opieki Zdrowotnej Ministerstwa Spraw Wewnętrznych I Administracji W Krakowie,"Kronikarza Galla 25, 30-053 Kraków"
Szpital Wojewódzki Im. Jana Pawła Ii W Bełchatowie,"Czapliniecka 123, 97-400 Bełchatów"
Krakowski Szpital Specjalistyczny Im. Jana Pawła Ii,"Prądnicka 80, 31-202 Kraków"
Centrum Onkologii - Instytut Im. Marii Skłodowskiej-Curie,"Garncarska 11, 31-115 Kraków"
Centermed Kraków Spółka Z Ograniczoną Odpowiedzialnością,"Św. Łazarza 14, 31-530 Kraków"
5 Wojskowy Szpital Kliniczny Z Polikliniką - Samodzielny Publiczny Zakład Opieki Zdrowotnej W Krakowie,"Wrocławska 1-3, 30-901 Kraków"
Samodzielny Publiczny Zakład Opieki Zdrowotnej Szpital Uniwersytecki W Krakowie,"Kopernika 36, 31-501 Kraków"
Szpital Specjalistyczny Im.henryka Klimontowicza W Gorlicach,"Węgierska 21, 38-300 Gorlice"
Szpital Powiatowy Im. Prałata J. Glowatzkiego W Strzelcach Opolskich,"Opolska 36A, 47-100 Strzelce Opolskie"
Prudnickie Centrum Medyczne Spółka Akcyjna - Niepubliczny Zakład Opieki Zdrowotnej W Prudniku,"Szpitalna 14, 48-200 Prudnik"
Wojewódzki Specjalistyczny Zespół Neuropsychiatryczny Im. Św. Jadwigi,"Wodociągowa 4, 45-221 Opole"
Samodzielny Publiczny Zespół Opieki Zdrowotnej W Brzesku,"Kościuszki 68, 32-800 Brzesko"
"Samodzielny Publiczny Zakład Opieki Zdrowotnej W Bochni ""szpital Powiatowy"" Im. Bł. Marty Wieckiej","Krakowska 31, 32-700 Bochnia"
Szpital Powiatowy W Chrzanowie,"Topolowa 16, 32-500 Chrzanów"
Zespół Opieki Zdrowotnej W Dąbrowie Tarnowskiej,"Szpitalna 1, 33-200 Dąbrowa Tarnowska"
Samodzielny Publiczny Zakład Opieki Zdrowotnej - Opolskie Centrum Onkologii Im.prof.t.koszarowskiego,"Katowicka 66A, 45-060 Opole"
"Centrum Ginekologii, Położnictwa I Neonatologii W Opolu","Władysława Reymonta 8, 45-066 Opole"
Samodzielny Publiczny Zakład Opieki Zdrowotnej Ministerstwa Spraw Wewnętrznych I Administracji W Opolu,"Krakowska 44, 45-075 Opole"
"Niepubliczny Zakład Opieki Zdrowotnej ""chirmed"" Sp. Z O.o.","Krapkowicka 20, 45-741 Opole"
Zespół Opieki Zdrowotnej W Nysie,"Bohaterów Warszawy 34, 48-300 Nysa"
116 Szpital Wojskowy Z Przychodnią Samodzielny Publiczny Zakład Opieki Zdrowotnej,"Wróblewskiego 46, 45-759 Opole"
Zespół Opieki Zdrowotnej W Oleśnie,"Klonowa 1, 46-300 Olesno"
Namysłowskie Centrum Zdrowia Spółka Akcyjna,"Oleśnicka 4, 46-100 Namysłów"
Publiczny Samodzielny Zakład Opieki Zdrowotnej Wojewódzkie Centrum Medyczne W Opolu,"Aleja Wincentego Witosa 26, 45-418 Opole"
Samodzielny Publiczny Zespół Szpitali Pulmonologiczno-Reumatologicznych,"Karola Miarki 14, 46-082 Kup"
Powiatowe Centrum Zdrowia S.a Szpital Powiatowy,"Skłodowskiej-Curie 23, 46-200 Kluczbork"
Krapkowickie Centrum Zdrowia Spółka Z Ograniczoną Odpowiedzialnością,"Xxx-Lecia 21, 47-303 Krapkowice"
Samodzielny Publiczny Zoz Szpital Specjalistyczny Ministerstwa Spraw Wewnętrznych I Administracji W Głuchołazach,"Karłowicza 40, 48-340 Głuchołazy"
Samodzielny Publiczny Zespół Opieki Zdrowotnej W Kędzierzynie-Koźlu,"24 Kwietnia 5, 47-200 Kędzierzyn-Koźle"
Brzeskie Centrum Medyczne,"Sergiusza Mossora 1, 49-301 Brzeg"
Szpital Powiatowy W Zambrowie Spółka Z Ograniczoną Odpowiedzialnością,"Papieża Jana Pawła Ii 3, 18-300 Zambrów"
Szpital Powiatowy W Głubczycach,"Skłodowskiej 26, 48-100 Głubczyce"
Samodzielny Publiczny Zakład Opieki Zdrowotnej Zespół Opieki Zdrowotnej W Głuchołazach,"M.c Skłodowskiej 16, 48-340 Głuchołazy"
Szpital Św.jerzego W Kamieniu Pomorskim,"Szpitalna 10, 72-400 Kamień Pomorski"
Szpital Ogólny W Wysokiem Mazowieckiem,"Szpitalna 5, 18-200 Wysokie Mazowieckie"
Zespół Opieki Zdrowotnej W Wągrowcu,"Kościuszki 74, 62-100 Wągrowiec"
Samodzielny Publiczny Zespół Opieki Zdrowotnej,"Poduchowne 1, 62-700 Turek"
Samodzielny Publiczny Zespół Opieki Zdrowotnej W Środzie Wielkopolskiej,"Czerwonego Krzyża 2, 63-000 Środa Wielkopolska"
Samodzielny Publiczny Zakład Opieki Zdrowotnej,"Sukiennicza 13, 64-500 Szamotuły"
Szpital Powiatowy Im. Tadeusza Malińskiego W Śremie Spółka Z Ograniczoną Odpowiedzialnością,"Chełmońskiego 1, 63-100 Śrem"
Szpital Powiatowy Im. Jana Pawła Ii W Trzciance,"Gen. Władysława Sikorskiego 9, 64-980 Trzcianka"
Samodzielny Publiczny Zakład Opieki Zdrowotnej W Słupcy,"Traugutta 7, 62-400 Słupca"
"Przychodnia Specjalistyczno - Diagnostyczna ""centrum Medyczne"" Maria Leśniczak I Iwona Zys Spółka Cywilna","Ogrodowa 11A, 62-067 Rakoniewice"
Szpital Powiatowy W Rawiczu Spółka Z Ograniczoną Odpowiedzialnością,"Gen. Grota Roweckiego 6, 63-900 Rawicz"
Szpital Wojewódzki Im. Dr. Ludwika Rydygiera W Suwałkach,"Szpitalna 60, 16-400 Suwałki"
Samodzielny Publiczny Zakład Opieki Zdrowotnej W Sokółce,"Gen. Władysława Sikorskiego 40, 16-100 Sokółka"
Samodzielny Publiczny Zakład Opieki Zdrowotnej W Sejnach,"Dr  E. Rittlera 2, 16-500 Sejny"
Samodzielny Publiczny Zakład Opieki Zdrowotnej W Mońkach,"Niepodległości 9, 19-100 Mońki"
Samodzielny Publiczny Zakład Opieki Zdrowotnej W Siemiatyczach,"Szpitalna 8, 17-300 Siemiatycze"
Samodzielny Publiczny Zakład Opieki Zdrowotnej W Łapach,"Janusza Korczaka 23, 18-100 Łapy"
Szpital Ogólny W Kolnie,"Wojska Polskiego 69, 18-500 Kolno"
Samodzielny Publiczny Zakład Opieki Zdrowotnej W Hajnówce,"Doc. Adama Dowgirda 9, 17-200 Hajnówka"
Szpital Wojewódzki Im.kardynała Stefana Wyszyńskiego,"Al.piłsudskiego 11, 18-404 Łomża"
Szpital Ogólny Im. Dr Witolda Ginela W Grajewie,"Konstytucji 3 Maja 34, 19-200 Grajewo"
Wojewódzki Szpital Specjalistyczny Im. K.dłuskiego,"Żurawia 14, 15-540 Białystok"
Samodzielny Publiczny Zakład Opieki Zdrowotnej W Bielsku Podlaskim,"Kleszczelowska 1, 17-100 Bielsk Podlaski"
Sp Zoz Wojewódzki Szpital Zespolony Im. J. Śniadeckiego,"M. Skłodowskiej- Curie 26, 15-950 Białystok"
Samodzielny Publiczny Zakład Opieki Zdrowotnej Ministerstwa Spraw Wewnętrznych I Administracji W Białymstoku,"Fabryczna 27, 15-471 Białystok"
Białostockie Centrum Onkologii Im. Marii Skłodowskiej - Curie,"Ogrodowa 12, 15-027 Białystok"
Uniwersytecki Dziecięcy Szpital Kliniczny Im.  L. Zamenhofa W Białymstoku,"Waszyngtona 17, 15-274 Białystok"
Uniwersytecki Szpital Kliniczny W Białymstoku,"M.c.skłodowskiej 24 A, 15-276 Białystok"
Samodzielny Publiczny Zakład Opieki Zdrowotnej W Augustowie,"Szpitalna 12, 16-300 Augustów"
Wielkopolskie Centrum Onkologii Im.marii Skłodowskiej-Curie,"Garbary 15, 61-866 Poznań-Stare Miasto"
Specjalistyczny Zespół Opieki Zdrowotnej Nad Matką I Dzieckiem W Poznaniu,"Krysiewicza 7/8, 61-825 Poznań-Stare Miasto"
Szpital Wojewódzki W Poznaniu,"Juraszów 7-19, 60-479 Poznań-Jeżyce"
Szpital Miejski Im. Franciszka Raszei,"Mickiewicza 2, 60-834 Poznań-Jeżyce"
Wielospecjalistyczny Szpital Miejski Im.józefa Strusia Z Zakładem Opiekuńczo-Leczniczym. Samodzielny Publiczny Zakład Opieki Zdrowotnej Z Siedzibą W Poznaniu Przy Ul. Szwajcarskiej 3,"Szwajcarska 3, 61-285 Poznań-Nowe Miasto"
Wielkopolskie Centrum Pulmonologii I Torakochirurgii Im. Eugenii I Janusza Zeylandów,"Szamarzewskiego 62, 60-569 Poznań-Jeżyce"
Szpital Kliniczny Przemienienia Pańskiego Uniwersytetu Medycznego Im. Karola Marcinkowskiego W Poznaniu,"Długa 1/2, 61-848 Poznań-Stare Miasto"
Ginekologiczno-Położniczy Szpital Kliniczny Uniwersytetu Medycznego Im. Karola Marcinkowskiego W Poznaniu,"Polna 33, 60-535 Poznań-Jeżyce"
Samodzielny Publiczny Zakład Opieki Zdrowotnej Ministerstwa Spraw Wewnętrznych I Administracji W Poznaniu Im. Prof.ludwika Bierkowskiego,"Dojazd 34, 60-631 Poznań-Jeżyce"
Szpital Kliniczny Im. Karola Jonschera Uniwersytetu Medycznego Im. Karola Marcinkowskiego W Poznaniu,"Szpitalna 27/33, 60-572 Poznań-Jeżyce"
Szpital Kliniczny  Im. Heliodora Święcickiego Uniwersytetu Medycznego Im. Karola Marcinkowskiego W Poznaniu,"Przybyszewskiego 49, 60-355 Poznań-Grunwald"
Specjalistyczny Szpital Kliniczny Uniwersytetu Medycznego Im.karola Marcinkowskiego W Poznaniu,"Grunwaldzka 16/18, 60-780 Poznań-Grunwald"
Med-Polonia Spółka Z Ograniczoną Odpowiedzialnością,"Obornicka 262, 60-693 Poznań"
"""pleszewskie Centrum Medyczne W Pleszewie"" Sp. Z O.o.","Poznańska 125A, 63-300 Pleszew"
Zespół Zakładów Opieki Zdrowotnej W Ostrzeszowie,"Al. Wolności 4, 63-500 Ostrzeszów"
Zespół Zakładów Opieki Zdrowotnej Ostrów Wielkopolski,"Limanowskiego 20/22, 63-400 Ostrów Wielkopolski"
Samodzielny Publiczny Zakład Opieki Zdrowotnej W Obornikach,"Szpitalna 2, 64-600 Oborniki"
Szpital Specjalistyczny W Pile Im. Stanisława Staszica,"Rydygiera 1, 64-920 Piła"
Samodzielny Publiczny Zakład Opieki Zdrowotnej W Międzychodzie,"Szpitalna 10, 64-400 Międzychód"
"Niepubliczny Zakład Opieki Zdrowotnej Leszczyńskie Centrum Medyczne ""ventriculus"" Spółka Z O.o.","Słowiańska 41, 64-100 Leszno"
Samodzielny Publiczny Zakład Opieki Zdrowotnej W Krotoszynie,"Młyńska 2, 63-700 Krotoszyn"
Samodzielny Publiczny Zespół Zakładów Opieki Zdrowotnej W Staszowie,"11-Go Listopada 78, 28-200 Staszów"
Samodzielny Publiczny Zakład Opieki Zdrowotnej Imienia Doktora Kazimierza Hołogi,"Poznańska 30, 64-300 Nowy Tomyśl"
Visus Ii - Spółka Z Ograniczoną Odpowiedzialnością,"Kilińskiego 26, 27-200 Starachowice"
Samodzielny Publiczny Zespół Opieki Zdrowotnej W Kościanie,"Szpitalna 7, 64-000 Kościan"
Wojewódzki Szpital Zespolony W Lesznie,"Kiepury 45, 64-100 Leszno"
Zespół Opieki Zdrowotnej W Pińczowie,"Armii Krajowej 22, 28-400 Pińczów"
Zespół Opieki Zdrowotnej W Ostrowcu Świętokrzyskim,"Szymanowskiego 11, 27-400 Ostrowiec Świętokrzyski"
Szpital Specjalistyczny Ducha Świętego W Sandomierzu,"Schinzla 13, 27-600 Sandomierz"
Powiatowy Zakład Opieki Zdrowotnej,"Radomska 70, 27-200 Starachowice"
Zespół Opieki Zdrowotnej W Skarżysku Kamiennej Szpital Powiatowy Im. Marii Skłodowskiej-Curie,"Szpitalna 1, 26-110 Skarżysko-Kamienna"
Wojewódzki Specjalistyczny Szpital Dziecięcy Im. Władysława Buszkowskiego,"Langiewicza 2, 25-381 Kielce"
Zespół Opieki Zdrowotnej W Końskich,"Gimnazjalna 41B, 26-200 Końskie"
Wojewódzki Szpital Zespolony W Kielcach,"Grunwaldzka 45, 25-736 Kielce"
Świętokrzyskie Centrum Onkologii Samodzielny Publiczny Zakład Opieki Zdrowotnej W Kielcach,"Artwińskiego 3, 25-734 Kielce"
Zespół Opieki Zdrowotnej W Busku-Zdroju,"Bohaterów Warszawy 67, 28-100 Busko-Zdrój"
"""uzdrowisko Busko-Zdrój"" Spółka Akcyjna","Gen. F. Rzewuskiego 1, 28-100 Busko-Zdrój"
Szpital Kielecki Św. Aleksandra Spółka Z Ograniczoną Odpowiedzialnością,"Kościuszki 25, 25-316 Kielce"
Samodzielny Publiczny Zakład Opieki Zdrowotnej Ministerstwa Spraw Wewnętrznych I Administracji W Kielcach,"Wojska Polskiego 51, 25-375 Kielce"
Wojewódzki Szpital Specjalistyczny Im. Św. Rafała W Czerwonej Górze,"Czerwona Góra 10, 26-060 Chęciny"
Artmedik Spółka Z Ograniczoną Odpowiedzialnością,"Małogoska 25 -, 28-300 Jędrzejów"
Samodzielny Publiczny Zakład Opieki Zdrowotnej W Kępnie,"Szpitalna 7, 63-600 Kępno"
Okulus Spółka Z Ograniczoną Odpowiedzialnoscią,"Częstochowska 71-75, 62-800 Kalisz"
Kalmedica Spółka Z Ograniczoną Odpowiedzialnością,"Częstochowska 71-75, 62-800 Kalisz"
Szpital Powiatowy W Jarocinie,"Szpitalna 1, 63-200 Jarocin"
Samodzielny Publiczny Zespół Opieki Zdrowotnej W Gostyniu,"Pl.k. Marcinkowskiego 8/9, 63-800 Gostyń"
Wojewódzki Szpital Zespolony W Koninie,"Szpitalna 45, 62-504 Konin"
Samodzielny Publiczny Zakład Opieki Zdrowotnej W Kole,"Ks. Józefa Poniatowskiego 25, 62-600 Koło"
Wojewódzki Szpital Zespolony Im. Ludwika Perzyny W Kaliszu,"Poznańska 79, 62-800 Kalisz"
Wojewódzki Specjalistyczny Zespół Zakładów Opieki Zdrowotnej Chorób Płuc I Gruźlicy W Wolicy K.kalisza,"Wolica 113, 62-872 Godziesze Małe"
Szpital Pomnik Chrztu Polski,"Św.jana 9, 62-200 Gniezno"
"Spzoz Wojewódzki Szpital Dla Nerwowo I Psychicznie Chorych ""dziekanka""  Im. Aleksandra Piotrowskiego","Poznańska 15, 62-200 Gniezno"
Zespół Zakładów Opieki Zdrowotnej,"Kościuszki 96, 64-700 Czarnków"
"""szpital Powiatowy Spółka Z Ograniczoną Odpowiedzialnością W Pasłęku""","Kopernika 24A, 14-400 Pasłęk"
Wielkopolski Specjalistyczny Szpital Chorób Płuc I Gruźlicy W Chodzieży,"Strzelecka 32, 64-800 Chodzież"
Szpital Powiatowy Im Prof Romana Drewsa,"Żeromskiego 29, 64-800 Chodzież"
"""powiatowy Zespół Opieki Zdrowotnej W Ostródzie - Spółka Akcyjna""","Jagiełły 1, 14-100 Ostróda"
Uniwersytecki Szpital Kliniczny W Olsztynie,"Warszawska 30, 10-082 Olsztyn"
Samodzielny Publiczny Zakład Opieki Zdrowotnej Ministerstwa Spraw Wewnętrznych I Administracji  Z Warmińsko-Mazurskim Centrum Onkologii W Olsztynie,"Wojska Polskiego 37, 10-228 Olsztyn"
"Olsztyński Ośrodek Onkologiczny ""kopernik"" Spółka Z Ograniczoną Odpowiedzialnością","Kopernika 30, 10-513 Olsztyn"
"""olmedica W Olecku - Spółka Z Ograniczoną Odpowiedzialnością""","Gołdapska 1, 19-400 Olecko"
Miejski Szpital Zespolony W Olsztynie,"Niepodległości 44, 10-045 Olsztyn"
Wojewódzki Szpital Specjalistyczny  W Olsztynie,"Żołnierska 18, 10-561 Olsztyn"
Wojewódzki Specjalistyczny Szpital Dziecięcy Im. Prof. Dr Stanisława Popowskiego W Olsztynie,"Żołnierska 18A, 10-561 Olsztyn"
"Niepubliczny Zakład Opieki Zdrowotnej ""specmed"" Adam Mariusz Miller","Gdańska 17, 19-300 Ełk"
Szpital Powiatowy W Nowym Mieście Lubawskim Spółka Z Ograniczoną Odpowiedzialnością,"Mickiewicza 10, 13-300 Nowe Miasto Lubawskie"
Zespół Opieki Zdrowotnej W Nidzicy,"Mickiewicza 23, 13-100 Nidzica"
"""pro-Medica"" W Ełku Spółka Z Ograniczoną Odpowiedzialnością","Baranki 24, 19-300 Ełk"
Samodzielny Publiczny Specjalistyczny Zakład Opieki Zdrowotnej Szpital Miejski Im. Jana Pawła Ii W Elblągu,"Żeromskiego 22, 82-300 Elbląg"
108 Szpital Wojskowy Z Przychodnią Samodzielny Publiczny Zakład Opieki Zdrowotnej W Ełku,"Kościuszki 30, 19-300 Ełk"
Szpital Miejski Św. Jana Pawła Ii W Elblągu,"Jana Amosa Komeńskiego 35, 82-300 Elbląg"
Wojewódzki Szpital Zespolony W Elblągu,"Królewiecka 146, 82-300 Elbląg"
Szpital Powiatowy Im. Jana Pawła Ii W Bartoszycach,"Kardynała Wyszyńskiego 11, 11-200 Bartoszyce"
Szpital Powiatowy Im. Jana Mikulicza W Biskupcu,"Armii Krajowej 8, 11-300 Biskupiec"
Samodzielny Publiczny Zakład Opieki Zdrowotnej W Działdowie,"Leśna 1, 13-200 Działdowo"
